id,question,A,B,C,D,answer,analysis,action,principle
0,思瑞公司不能清偿到期债务，债权人向法院申请破产清算。法院受理并指定了管理人。在宣告破产前，持股20%的股东甲认为如引进战略投资者乙公司，思瑞公司仍有生机，于是向法院申请重整。关于重整，下列哪一选项是正确的,如甲申请重整，必须附有乙公司的投资承诺,如债权人反对，则思瑞公司不能开始重整,如思瑞公司开始重整，则管理人应辞去职务,只要思瑞公司的重整计划草案获得法院批准，重整程序就终止,D,依据《企业破产法》第七十条规定，债务人或者债权人可以依照本法规定，直接向人民法院申请对债务人进行重整。债权人申请对债务人进行破产清算的，在人民法院受理破产申请后、宣告债务人破产前，债务人或者出资额占债务人注册资本1/10以上的出资人，可以向人民法院申请重整。申请重整无须必须附有投资承诺。A项错误。依据《企业破产法》第七十一条规定，人民法院经审查认为重整申请符合破产法规定的，应当裁定债务人重整，并予以公告。可见重整无须征得债权人同意。B项错误。依据《企业破产法》第七十三条规定，重整期间管理人可能向债务人移交营业事务，管理人的职权也可能归于债务人，但管理人并不因此辞去职务。C项错误。依据《企业破产法》第八十七条规定，法院裁定批准重整计划草案则重整程序终止，此为重整程序终止较为特殊的规定。D项正确。,设计一个法律情境,<《企业破产法》第七十条规定，债务人或者债权人可以依照本法规定，直接向人民法院申请对债务人进行重整。债权人申请对债务人进行破产清算的，在人民法院受理破产申请后、宣告债务人破产前，债务人或者出资额占债务人注册资本十分之一以上的出资人，可以向人民法院申请重整。> <《企业破产法》第七十一条规定，人民法院经审查认为重整申请符合本法规定的，应当裁定债务人重整，并予以公告。> <《企业破产法》第七十三条规定，在重整期间，经债务人申请，人民法院批准，债务人可以在管理人的监督下自行管理财产和营业事务。有前款规定情形的，依照本法规定已接管债务人财产和营业事务的管理人应当向债务人移交财产和营业事务，本法规定的管理人的职权由债务人行使。> <《企业破产法》第八十七条规定，部分表决组未通过重整计划草案的，债务人或者管理人可以同未通过重整计划草案的表决组协商。该表决组可以在协商后再表决一次。双方协商的结果不得损害其他表决组的利益。未通过重整计划草案的表决组拒绝再次表决或者再次表决仍未通过重整计划草案，但重整计划草案符合下列条件的，债务人或者管理人可以申请人民法院批准重整计划草案:（一）按照重整计划草案，本法第八十二条第一款第一项所列债权就该特定财产将获得全额清偿，其因延期清偿所受的损失将得到公平补偿，并且其担保权未受到实质性损害，或者该表决组已经通过重整计划草案；（二）按照重整计划草案，本法第八十二条第一款第二项、第三项所列债权将获得全额清偿，或者相应表决组已经通过重整计划草案；（三）按照重整计划草案，普通债权所获得的清偿比例，不低于其在重整计划草案被提请批准时依照破产清算程序所能获得的清偿比例，或者该表决组已经通过重整计划草案；（四）重整计划草案对出资人权益的调整公平、公正，或者出资人组已经通过重整计划草案；（五）重整计划草案公平对待同一表决组的成员，并且所规定的债权清偿顺序不违反本法第一百一十三条的规定；（六）债务人的经营方案具有可行性。人民法院经审查认为重整计划草案符合前款规定的，应当自收到申请之日起三十日内裁定批准，终止重整程序，并予以公告。>
1,2017年3月2日，甲有限公司因资不抵债进人破产重整程序。乙公司因向甲公司提供商品，对甲公司享有100万元到期债权，但乙公司因业务繁忙在债权申报期间并未申报债权。2018年1月，甲公司重整计划执行完毕，全体普通债权人的清偿比例为45%。下列说法正确的是？,对乙公司的债权，甲公司无须承担偿还义务,对乙公司的债权，参考甲公司重整方案，按同性质债权等比例清偿,乙公司的债权由甲公司全额清偿,针对乙公司的债权，重整方案对乙公司不具有法律效力,B,《企业破产法》第九十二条第2款规定:债权人未依照本法规定申报债权的，在重整计划执行期间不得行使权利；在重整计划执行完毕后，可以按照重整计划规定的同类债权的清偿条件行使权利。由此可知，乙公司作为甲公司的债权人未在债权申报期间申报债权，只是在重整计划执行期间不得行使权利，甲公司仍然要承担偿还义务，在甲公司重整计划执行完毕后，可依据甲公司的重整方案，按同性质债权等比例清偿。故A、C选项错误，B选项正确。《企业破产法》第九十二条第1款规定:经人民法院裁定批准的重整计划，对债务人和全体债权人均有约束力。由此可知，甲公司的重整方案对债权人乙公司也具有法律效力，故D选项错误。,设计一个法律情境,<《企业破产法》第九十二条规定，经人民法院裁定批准的重整计划，对债务人和全体债权人均有约束力。债权人未依照本法规定申报债权的，在重整计划执行期间不得行使权利；在重整计划执行完毕后，可以按照重整计划规定的同类债权的清偿条件行使权利。债权人对债务人的保证人和其他连带债务人所享有的权利，不受重整计划的影响。>
2,关于破产重整的申请与重整期间，下列哪一表述是正确的？,只有在破产清算申请受理后，债务人才能向法院提出重整申请,重整期间为法院裁定债务人重整之日起至重整计划执行完毕时,在重整期间，经债务人申请并经法院批准，务人可在管理人监督下自行管理财产和营业事务,在重整期间，就债务人所承租的房屋，即使租期已届至，出租人也不得请求返还,C,《企业破产法》第七十条第一款规定，债务人或者债权人可以依照本法规定，直接向人民法院申请对债务人进行重整。据此可知，债务人可直接向法院提出重整申请。选项A错误。《企业破产法》第七十二条规定，自人民法院裁定债务人重整之日起至重整程序终止，为重整期间。据此可知，重整期间的截止点是重整程序终止之时，而非重整计划执行完毕之时。选项B错误。《企业破产法》第七十三条第一款规定，在重整期间，经债务人申请，人民法院批准，债务人可以在管理人的监督下自行管理财产和营业事务。选项C正确。选项D错误。《企业破产法》第七十六条规定，债务人合法占有的他人财产，该财产的权利人在重整期间要求取回的，应当符合事先约定的条件。据此可知，在重整期间，就债务人所承租的房屋租期已届至的，出租人有权请求返还。选项D错误。,针对给定法律中的某个概念,<《企业破产法》第七十条规定，债务人或者债权人可以依照本法规定，直接向人民法院申请对债务人进行重整。债权人申请对债务人进行破产清算的，在人民法院受理破产申请后、宣告债务人破产前，债务人或者出资额占债务人注册资本十分之一以上的出资人，可以向人民法院申请重整。> <《企业破产法》第七十二条规定，自人民法院裁定债务人重整之日起至重整程序终止，为重整期间。> <《企业破产法》第七十三条规定，在重整期间，经债务人申请，人民法院批准，债务人可以在管理人的监督下自行管理财产和营业事务。有前款规定情形的，依照本法规定已接管债务人财产和营业事务的管理人应当向债务人移交财产和营业事务，本法规定的管理人的职权由债务人行使。> <《企业破产法》第七十六条规定，债务人合法占有的他人财产，该财产的权利人在重整期间要求取回的，应当符合事先约定的条件。>
3,A公司因经营不善，资产已不足以清偿全部债务，经申请进入破产还债程序。关于破产债权的申报，下列哪个表述是正确的？,甲对A公司的债权虽未到期，不可以申报,乙对A公司的债权因附有条件，故不能申报,丙对A公司的债权虽然诉讼未决，但丙仍可以申报,职工丁对A公司的伤残补助请求权，应予以申报,C,《企业破产法》第四十六条第一款规定，未到期的债权，在破产申请受理时视为到期。据此可知，未到期的债权，仍可申报。选项A错误。《企业破产法》第四十七条规定，附条件、附期限的债权和诉讼、仲裁未决的债权，债权人可以申报。选项B错误，选项C正确。《企业破产法》第四十八条第二款规定，债务人所欠职工的工资和医疗、伤残补助、抚恤费用，所欠的应当划入职工个人账户的基本养老保险、基本医疗保险费用，以及法律、行政法规规定应当支付给职工的补偿金，不必申报，由管理人调查后列出清单并予以公示。职工对清单记载有异议的，可以要求管理人更正；管理人不予更正的，职工可以向人民法院提起诉讼。据此可知，伤残补助不必申报。选项D错误。,设计一个法律情境,<《企业破产法》第四十六条规定，未到期的债权，在破产申请受理时视为到期。附利息的债权自破产申请受理时起停止计息。> <《企业破产法》第四十七条规定，附条件、附期限的债权和诉讼、仲裁未决的债权，债权人可以申报。> <《企业破产法》第四十八条规定，债权人应当在人民法院确定的债权申报期限内向管理人申报债权。债务人所欠职工的工资和医疗、伤残补助、抚恤费用，所欠的应当划入职工个人账户的基本养老保险、基本医疗保险费用，以及法律、行政法规规定应当支付给职工的补偿金，不必申报，由管理人调查后列出清单并予以公示。职工对清单记载有异议的，可以要求管理人更正；管理人不予更正的，职工可以向人民法院提起诉讼。>
4,尚友有限公司因经营管理不善，决定依照《破产法》进行重整。关于重整计划草案，下列哪个选项是正确的,在尚友公司自行管理财产与营业事务时，由其自己制作重整计划草案,债权人参加讨论重整计划草案的债权人会议时，应按法定的债权分类，可以不分组对该草案进行表决,出席会议的同一表决组的债权人过半数同意重整计划草案，即为该组通过重整计划草案,三分之二以上表决组通过重整计划草案，重整计划即为通过,A,A项，《企业破产法》第八十条规定:“债务人自行管理财产和营业事务的，由债务人制作重整计划草案。”据此，A项正确。B项，《企业破产法》第八十二条规定:“下列各类债权的债权人参加讨论重整计划草案的债权人会议，依照下列债权分类，分组对重整计划草案进行表决:一对债务人的特定财产享有担保权的债权；二债务人所欠职工的工资和医疗、伤残补助、抚恤费用，所欠的应当划入职工个人账户的基本养老保险、基本医疗保险费用，以及法律、行政法规规定应当支付给职工的补偿金；三债务人所欠税款四普通债权。”据此，B项错误。C项，《企业破产法》第八十四条第2款规定:“出席会议的同一表决组的债权人过半数同意重整计划草案，并且其所代表的债权额占该组债权总额的三分之二以上的，即为该组通过重整计划草案。”据此，C项错误。D项，《企业破产法》第八十六条第1款规定:“第八十六条各表决组均通过重整计划草案时，重整计划即为通过。”D项错误。,设计一个法律情境,<《企业破产法》第八十条规定，债务人自行管理财产和营业事务的，由债务人制作重整计划草案。管理人负责管理财产和营业事务的，由管理人制作重整计划草案。> <《企业破产法》第八十二条规定，下列各类债权的债权人参加讨论重整计划草案的债权人会议，依照下列债权分类，分组对重整计划草案进行表决:（一）对债务人的特定财产享有担保权的债权；（二）债务人所欠职工的工资和医疗、伤残补助、抚恤费用，所欠的应当划入职工个人账户的基本养老保险、基本医疗保险费用，以及法律、行政法规规定应当支付给职工的补偿金；（三）债务人所欠税款；（四）普通债权。人民法院在必要时可以决定在普通债权组中设小额债权组对重整计划草案进行表决。> <《企业破产法》第八十四条规定，人民法院应当自收到重整计划草案之日起三十日内召开债权人会议，对重整计划草案进行表决。出席会议的同一表决组的债权人过半数同意重整计划草案，并且其所代表的债权额占该组债权总额的三分之二以上的，即为该组通过重整计划草案。债务人或者管理人应当向债权人会议就重整计划草案作出说明，并回答询问。> <《企业破产法》第八十六条规定，各表决组均通过重整计划草案时，重整计划即为通过。自重整计划通过之日起十日内，债务人或者管理人应当向人民法院提出批准重整计划的申请。人民法院经审查认为符合本法规定的，应当自收到申请之日起三十日内裁定批准，终止重整程序，并予以公告。>
5,姜某的私家车投保商业车险，年保险费为3000元。姜某发现当网约车司机收入不错，便用手机软件接单载客，后辞职专门跑网约车。某晚，姜某载客途中与他人相撞，造成车损1万元。姜某向保险公司索赔，保险公司调查后拒赔。关于本案，下列选项正确的是？,保险合同无效,姜某有权主张约定的保险金,保险公司不承担赔偿保险金的责任,保险公司有权解除保险合同并不退还保险费,C,A项，《保险法》第十一条规定:“订立保险合同，应当协商一致，遵循公平原则确定各方的权利和义务。除法律、行政法规规定必须保险的外，保险合同自愿订立。”由此可知，本题中姜某与保险公司是在自愿且协商一致的基础上订立的保险合同，该合同有效。因此A项错误。B、C、D项，《保险法》第五十二条规定:“在合同有效期内，保险标的的危险程度显著增加的，被保险人应当按照合同约定及时通知保险人，保险人可以按照合同约定增加保险费或者解除合同。保险人解除合同的，应当将已收取的保险费，按照合同约定扣除自保险责任开始之日起至合同解除之日止应收的部分后，退还投保人。被保险人未履行前款规定的通知义务的，因保险标的的危险程度显著增加而发生的保险事故，保险人不承担赔偿保险金的责任。据此可知，姜某将私家车用于网约车并于夜晚载客，使得保险标的危险程度显著增加，保险公司据此解除合同的，应当将已收取的保险费，按照合同约定扣除自保险责任开始之日起至合同解除之日止应收的部分后，退还给姜某。姜某未履行通知义务，由此而发生的保险事故，保险公司不承担赔偿保险金的责任。因此B、D项错误C项正确。,设计一个法律情境,<《保险法》第十一条规定，订立保险合同，应当协商一致，遵循公平原则确定各方的权利和义务。> <《保险法》第五十二条规定，在合同有效期内，保险标的的危险程度显著增加的，被保险人应当按照合同约定及时通知保险人，保险人可以按照合同约定增加保险费或者解除合同。保险人解除合同的，应当将已收取的保险费，按照合同约定扣除自保险责任开始之日起至合同解除之日止应收的部分后，退还投保人。被保险人未履行前款规定的通知义务的，因保险标的的危险程度显著增加而发生的保险事故，保险人不承担赔偿保险金的责任。>
6,甲公司投保了财产损失险的厂房被烧毁，甲公司伪造证明，夸大此次火灾的损失，向保险公司索赔100万元，保险公司为查清此事，花费5万元。关于保险公司的权责，下列哪个选项是正确的？,应当向甲公司给付约定的保险金,有权向甲公司主张5万元花费损失,有权拒绝向甲公司给付保险金,有权解除与甲公司的保险合同,A,依据《保险法》第二十七条第3款的规定，保险事故发生后，投保人、被保险人或者受益人以伪造、变造的有关证明、资料或者其他证据，编造虚假的事故原因或者夸大损失程度的，保险人对其虚报的部分不承担赔偿或者给付保险金的责任。因此，对实际发生的保险事故造成的损害，应当按照约定赔偿。选项A正确。依据《保险法》第二十七条第4款的规定，被保险人有虚报行为，致使保险人支付保险金或者支出费用的，应当退回或者赔偿。选项B错误。依据《保险法》第二十七条的规定，被保险人虚报损失，对虚报的部分，保险公司不承担赔偿责任，但保险公司无权拒绝给付未虚报部分的保金。选项C错误。依据《保险法》第二十七条的规定，被保险人虚报损失的，保险公司不享有法定的解除权，不得解除合同。选项D错误。,设计一个法律情境,<《保险法》第二十七条规定，未发生保险事故，被保险人或者受益人谎称发生了保险事故，向保险人提出赔偿或者给付保险金请求的，保险人有权解除合同，并不退还保险费。投保人、被保险人故意制造保险事故的，保险人有权解除合同，不承担赔偿或者给付保险金的责任；除本法第四十三条规定外，不退还保险费。保险事故发生后，投保人、被保险人或者受益人以伪造、变造的有关证明、资料或者其他证据，编造虚假的事故原因或者夸大损失程度的，保险人对其虚报的部分不承担赔偿或者给付保险金的责任。投保人、被保险人或者受益人有前三款规定行为之一，致使保险人支付保险金或者支出费用的，应当退回或者赔偿。>
7,甲以自己为被保险人向某保险公司投保健康险，指定其子乙为受益人，保险公司承保并出具保单。两个月后，甲突发心脏病死亡。保险公司经调查发现，甲两年前曾做过心脏搭桥手术，但在填写投保单以及回答保险公司相关询问时，甲均未如实告知。对此，下列哪一表述是正确的？,因甲违反如实告知义务，故保险公司对甲可主张违约责任,保险公司有权解除保险合同,保险公司即使不解除保险合同，仍有权拒绝乙的保险金请求,保险公司虽可不必支付保险金，但须退还保险费,B,《保险法》第十六条第二款规定，投保人故意或者因重大过失未履行前款规定的如实告知义务，足以影响保险人决定是否同意承保或者提高保险费率的，保险人有权解除合同。投保人的如实告知义务属于先合同义务，而非违约责任。另一种解释是，理论上人身保险合同被定性为“储蓄投资性法律关系”，所以人身保险合同并非债权债务关系，故没有投保人承担违约责任的要求。选项A错误，选项B正确。《保险法》第十六条第四款规定，投保人故意不履行如实告知义务的，保险人对于合同解除前发生的保险事故，不承担赔偿或者给付保险金的责任，并不退还保险费。据此可知，保险公司选择解除保险合同的，才有权拒绝承担给付保险金的责任，并有权不退还保险费。若保险公司选择不解除保险合同的话，则应按照保险合同的约定向乙给付保险金。选项C、D错误。,设计一个法律情境,<《保险法》第十六条规定，订立保险合同，保险人就保险标的或者被保险人的有关情况提出询问的，投保人应当如实告知。投保人故意或者因重大过失未履行前款规定的如实告知义务，足以影响保险人决定是否同意承保或者提高保险费率的，保险人有权解除合同。前款规定的合同解除权，自保险人知道有解除事由之日起，超过三十日不行使而消灭。自合同成立之日起超过二年的，保险人不得解除合同；发生保险事故的，保险人应当承担赔偿或者给付保险金的责任。投保人故意不履行如实告知义务的，保险人对于合同解除前发生的保险事故，不承担赔偿或者给付保险金的责任，并不退还保险费。投保人因重大过失未履行如实告知义务，对保险事故的发生有严重影响的，保险人对于合同解除前发生的保险事故，不承担赔偿或者给付保险金的责任，但应当退还保险费。保险人在合同订立时已经知道投保人未如实告知的情况的，保险人不得解除合同；发生保险事故的，保险人应当承担赔偿或者给付保险金的责任。保险事故是指保险合同约定的保险责任范围内的事故。>
8,根据《刑事诉讼法》的规定，辩护律师收集到的下列哪一证据应及时告知公安机关、检察院？,强奸案中被害人系精神病人的证据,故意伤害案中犯罪嫌疑人系正当防卫的证据,投放危险物质案中犯罪嫌疑人案发时在外地出差的证据,制造毒品案中犯罪嫌疑人犯罪时刚满16周岁的证据,C,本题考查了辩护人的义务之一特定证据展示义务。根据《刑事诉讼法》第四十二条的规定，辩护人应当及时告知公安机关、人民检察院的证据仅限于以下三类:有关犯罪嫌疑人不在犯罪现场、未达到刑事责任年龄、属于依法不负刑事责任的精神病人的证据，对于辩护律师收集到的其他有利于犯罪嫌疑人的证据，不是必须告知公安机关、检察院。本题中只有C选项属于犯罪嫌疑人不在犯罪现场的证据，需要告知公安机关、检察院，C选项正确。,针对给定法律中的某个概念,<《刑事诉讼法》第四十二条规定，辩护人收集的有关犯罪嫌疑人不在犯罪现场、未达到刑事责任年龄、属于依法不负刑事责任的精神病人的证据，应当及时告知公安机关、人民检察院。>
9,公安机关发现一具被焚烧过的尸体，因地处偏僻且天气恶劣，无法找到见证人，于是对勘验过程进行了全程录像，并在笔录中注明原因。法庭审理时，辩护人以勘验时没有见证人在场为由，申请排除勘验现场收集的物证。关于本案证据，下列哪一选项是正确的？,因违反取证程序的一般规定，应当排除,应予以补正或者作出合理解释，否则予以排除,不仅物证应当排除，对物证的鉴定意见等衍生证据也应排除,有勘验过程全程录像并在笔录中已注明理由不予排除,D,本题考查了非法证据排除规则中物证、书证排除的条件。根据《刑事诉讼法》第五十六条第1款的规定，物证、书证应当予以排除必须同时符合三个条件:一是收集物证、书证不符合法定程序；二是可能严重影响司法公正；三是不能补正或者作出合理解释。只是符合其中条件之一，不能予以排除，据此，A选项和B选项均错误。在西方国家，非法证据排除规则不仅排除以非法方法收集的证据，而且排除以非法方法收集的证据为线索进一步收集到的证据，后者被称为毒树之果理论。我国2012年《刑事诉讼法》修改时把非法证据排除规则写入了法典，并在第五十六条中明确规定了排除的范围，然而，对于毒树之果是否排除则没有任何规定。也就是说，按照现行法律的规定，以非法取得的证据为线索进一步衍生的证据在我国刑事诉讼不排除。C选项错误。根据《刑事诉讼法》第五十六条第1款的规定，虽然非法取证，但能够做出合理解释的，证据不予排除。本题中有勘验过程全程录像并在笔录中已注明理由，不予排除。D选项正确。,设计一个法律情境,<《刑事诉讼法》第五十六条规定，采用刑讯逼供等非法方法收集的犯罪嫌疑人、被告人供述和采用暴力、威胁等非法方法收集的证人证言、被害人陈述，应当予以排除。收集物证、书证不符合法定程序，可能严重影响司法公正的，应当予以补正或者作出合理解释；不能补正或者作出合理解释的，对该证据应当予以排除。在侦查、审查起诉、审判时发现有应当排除的证据的，应当依法予以排除，不得作为起诉意见、起诉决定和判决的依据。>
10,在甲县居住的雷某在乙县自驾游期间因涉嫌危险驾驶罪被乙县公安机关查获。关于本案的办理，下列说法是正确的是？,因为雷某涉嫌的是危险驾驶罪，所以对其不适用逮捕,如乙县公安机关决定对雷某取保候审，可以要求雷某不得离开乙县,如乙县公安机关决定对雷某取保候审，可以要求雷某上交驾驶证件、身份证,乙县公安机关拘留雷某后，至迟不超过24小时应当将雷某送看守所羁押,D,A项，根据全国人大常委会关于《刑事诉讼法》第八十一条第3款，对于被取保候审监视居住的，可能判处徒刑以下刑罚的犯罪嫌疑人，被告人违反取保候审监视居住规定，严重影响诉讼活动正常进行的可以予以逮捕，因此对于雷某并不适用逮捕。因此A项错误。B项，根据《刑事诉讼法》第七十一条的规定，被取保候审的人未经执行机关批准，不得离开所居住的市、县。本题中的雷某是在甲县居住，故B项错误。C项，根据《刑事诉讼法》第七十一条的规定，公安机关可以责令被取保候审的人将护照等出入境证件驾驶证件交执行机关保存，但不包括身份证，故C项错误。D项，根据《刑事诉讼法》第八十五条的规定，拘留后应当立即将被拘留人送看守所羁押，至迟不得超过24小时，故D项正确。,设计一个法律情境,<《刑事诉讼法》第八十一条规定，对有证据证明有犯罪事实，可能判处徒刑以上刑罚的犯罪嫌疑人、被告人，采取取保候审尚不足以防止发生下列社会危险性的，应当予以逮捕:（一）可能实施新的犯罪的；（二）有危害国家安全、公共安全或者社会秩序的现实危险的；（三）可能毁灭、伪造证据，干扰证人作证或者串供的；（四）可能对被害人、举报人、控告人实施打击报复的；（五）企图自杀或者逃跑的。批准或者决定逮捕，应当将犯罪嫌疑人、被告人涉嫌犯罪的性质、情节，认罪认罚等情况，作为是否可能发生社会危险性的考虑因素。对有证据证明有犯罪事实，可能判处十年有期徒刑以上刑罚的，或者有证据证明有犯罪事实，可能判处徒刑以上刑罚，曾经故意犯罪或者身份不明的，应当予以逮捕。被取保候审、监视居住的犯罪嫌疑人、被告人违反取保候审、监视居住规定，情节严重的，可以予以逮捕。> <《刑事诉讼法》第七十一条，被取保候审的犯罪嫌疑人、被告人应当遵守以下规定:（一）未经执行机关批准不得离开所居住的市、县；（二）住址、工作单位和联系方式发生变动的，在二十四小时以内向执行机关报告；（三）在传讯的时候及时到案；（四）不得以任何形式干扰证人作证；（五）不得毁灭、伪造证据或者串供。人民法院、人民检察院和公安机关可以根据案件情况，责令被取保候审的犯罪嫌疑人、被告人遵守以下一项或者多项规定:（一）不得进入特定的场所；（二）不得与特定的人员会见或者通信；（三）不得从事特定的活动；（四）将护照等出入境证件、驾驶证件交执行机关保存。被取保候审的犯罪嫌疑人、被告人违反前两款规定，已交纳保证金的，没收部分或者全部保证金，并且区别情形，责令犯罪嫌疑人、被告人具结悔过，重新交纳保证金、提出保证人，或者监视居住、予以逮捕。对违反取保候审规定，需要予以逮捕的，可以对犯罪嫌疑人、被告人先行拘留。> <《刑事诉讼法》第八十五条规定，公安机关拘留人的时候，必须出示拘留证。拘留后，应当立即将被拘留人送看守所羁押，至迟不得超过二十四小时。除无法通知或者涉嫌危害国家安全犯罪、恐怖活动犯罪通知可能有碍侦查的情形以外，应当在拘留后二十四小时以内，通知被拘留人的家属。有碍侦查的情形消失以后，应当立即通知被拘留人的家属。>
11,甲与邻居乙发生冲突致乙轻伤，甲被刑事拘留期间，甲的父亲代为与乙达成和解，公安机关决定对甲取保候审。关于甲在取保候审期间应遵守的义务，下列哪一选项是正确的？,将驾驶证件交执行机关保存,不得与乙接触,工作单位调动的，在24小时内报告执行机关,未经公安机关批准，不得进入特定的娱乐场所,C,本题考查了被取保候审人应当遵守的法定义务。根据《刑事诉讼法》第七十一条的规定，被取保候审的犯罪嫌疑人、被告人应当遵守的法定义务包括:（一）未经执行机关批准不得离开所居住的市、县；（二）住址、工作单位和联系方式发生变动的，在二十四小时以内向执行机关报告；（三）在传讯的时候及时到案；（四）不得以任何形式干扰证人作证；（五）不得毁灭、伪造证据或者串供。人民法院、人民检察院和公安机关可以根据案件情况，责令被取保候审的犯罪嫌疑人、被告人遵守的酌定义务包括以下一项或者多项:（一）不得进入特定的场所；（二）不得与特定的人员会见或者通信；（三）不得从事特定的活动；（四）将护照等出入境证件、驾驶证件交执行机关保存。据此，本题中A、B、D选项属于被取保候审人应当遵守的酌定义务，C选项为被取保候审人应遵守的法定义务。C选项为正确答案。,设计一个法律情境,<《刑事诉讼法》第七十一条规定，被取保候审的犯罪嫌疑人、被告人应当遵守以下规定:（一）未经执行机关批准不得离开所居住的市、县；（二）住址、工作单位和联系方式发生变动的，在二十四小时以内向执行机关报告；（三）在传讯的时候及时到案；（四）不得以任何形式干扰证人作证；（五）不得毁灭、伪造证据或者串供。人民法院、人民检察院和公安机关可以根据案件情况，责令被取保候审的犯罪嫌疑人、被告人遵守以下一项或者多项规定:（一）不得进入特定的场所；（二）不得与特定的人员会见或者通信；（三）不得从事特定的活动；（四）将护照等出入境证件、驾驶证件交执行机关保存。被取保候审的犯罪嫌疑人、被告人违反前两款规定，已交纳保证金的，没收部分或者全部保证金，并且区别情形，责令犯罪嫌疑人、被告人具结悔过，重新交纳保证金、提出保证人，或者监视居住、予以逮捕。对违反取保候审规定，需要予以逮捕的，可以对犯罪嫌疑人、被告人先行拘留。>
12,关于取保候审的程序限制，下列哪一选项是正确的,保证金应当由决定机关统一收取，存入指定银行的专门账户,对于可能判处徒刑以上刑罚的，不得采取取保候审措施,对同一犯罪嫌疑人不得同时使用保证金担保和保证人担保两种方式,对违反取保候审规定，需要予以逮捕的，不得对犯罪嫌疑人、被告人先行拘留,C,《刑事诉讼法》第七十二条第2款规定:提供保证金的人应当将保证金存入执行机关指定银行的专门账户。可见，保证金不应由决定机关收取，而是应当由执行机关收取，故A错误。第六十七条规定:人民法院、人民检察院和公安机关对有下列情形之一的犯罪嫌疑人、被告人，可以取保候审:一可能判处管制、拘役或者独立适用附加刑的二可能判处有期徒刑以上刑罚，采取取保候审不致发生社会危险性的三患有严重疾病、生活不能自理，怀孕或者正在哺乳自己婴儿的妇女，采取取保候审不致发生社会危险性的四羁押期限届满，案件尚未办结，需要采取取保候审的。可见，可能判处徒刑以上刑罚，只要采取取保不致发生社会危险性，同样可以适用取保候审，因此，B错误。第六十八条规定:人民法院、人民检察院和公安机关决定对犯罪嫌疑人、被告人取保候审，应当责令犯罪嫌疑人、被告人提出保证人或者交纳保证金。可见，保证人和保证金不可同时适用，故C正确。第七十一条规定:对违反取保候审规定，需要予以逮捕的，可以对犯罪嫌疑人、被告人先行拘留。故D错误。本题选C。,针对给定法律中的某个概念,<《刑事诉讼法》第六十七条规定，人民法院、人民检察院和公安机关对有下列情形之一的犯罪嫌疑人、被告人，可以取保候审:（一）可能判处管制、拘役或者独立适用附加刑的；（二）可能判处有期徒刑以上刑罚，采取取保候审不致发生社会危险性的；（三）患有严重疾病、生活不能自理，怀孕或者正在哺乳自己婴儿的妇女，采取取保候审不致发生社会危险性的；（四）羁押期限届满，案件尚未办结，需要采取取保候审的。取保候审由公安机关执行。> <《刑事诉讼法》第六十八条规定，人民法院、人民检察院和公安机关决定对犯罪嫌疑人、被告人取保候审，应当责令犯罪嫌疑人、被告人提出保证人或者交纳保证金。> <《刑事诉讼法》第七十一条规定，被取保候审的犯罪嫌疑人、被告人应当遵守以下规定:（一）未经执行机关批准不得离开所居住的市、县；（二）住址、工作单位和联系方式发生变动的，在二十四小时以内向执行机关报告；（三）在传讯的时候及时到案；（四）不得以任何形式干扰证人作证；（五）不得毁灭、伪造证据或者串供。人民法院、人民检察院和公安机关可以根据案件情况，责令被取保候审的犯罪嫌疑人、被告人遵守以下一项或者多项规定:（一）不得进入特定的场所；（二）不得与特定的人员会见或者通信；（三）不得从事特定的活动；（四）将护照等出入境证件、驾驶证件交执行机关保存。被取保候审的犯罪嫌疑人、被告人违反前两款规定，已交纳保证金的，没收部分或者全部保证金，并且区别情形，责令犯罪嫌疑人、被告人具结悔过，重新交纳保证金、提出保证人，或者监视居住、予以逮捕。对违反取保候审规定，需要予以逮捕的，可以对犯罪嫌疑人、被告人先行拘留。> <《刑事诉讼法》第七十二条规定，取保候审的决定机关应当综合考虑保证诉讼活动正常进行的需要，被取保候审人的社会危险性，案件的性质、情节，可能判处刑罚的轻重，被取保候审人的经济状况等情况，确定保证金的数额。提供保证金的人应当将保证金存入执行机关指定银行的专门账户。>
13,关于刑期计算，下列哪一说法是不正确的,甲被判处拘役六个月，其被指定居所监视居住154天的期间折抵刑期154天,乙通过贿赂手段被暂予监外执行，其在监外执行的267天不计入执行刑期,丙在暂予监外执行期间脱逃，脱逃的78天不计入执行刑期,丁被判处管制，其判决生效前被逮捕羁押208天的期间折抵刑期416天,A,《刑事诉讼法》第七十六条规定:指定居所监视居住的期限应当折抵刑期。被判处管制的，监视居住一日折抵刑期一日被判处拘役、有期徒刑的，监视居住二日折抵刑期一日。故A错误。《刑事诉讼法》第二百六十八条第3款规定不符合暂予监外执行条件的罪犯通过贿赂等非法手段被暂予监外执行的，在监外执行的期间不计入执行刑期。罪犯在暂予监外执行期间脱逃的，脱逃的期间不计入执行刑期。故BC正确。根据刑法规定，羁押一日折抵管制二日，故D正确。,针对给定法律中的某个概念,<《刑事诉讼法》第七十六条规定，指定居所监视居住的期限应当折抵刑期。被判处管制的，监视居住一日折抵刑期一日；被判处拘役、有期徒刑的，监视居住二日折抵刑期一日。> <《刑事诉讼法》第二百六十八条规定，对暂予监外执行的罪犯，有下列情形之一的，应当及时收监:（一）发现不符合暂予监外执行条件的；（二）严重违反有关暂予监外执行监督管理规定的；（三）暂予监外执行的情形消失后，罪犯刑期未满的。对于人民法院决定暂予监外执行的罪犯应当予以收监的，由人民法院作出决定，将有关的法律文书送达公安机关、监狱或者其他执行机关。不符合暂予监外执行条件的罪犯通过贿赂等非法手段被暂予监外执行的，在监外执行的期间不计入执行刑期。罪犯在暂予监外执行期间脱逃的，脱逃的期间不计入执行刑期。罪犯在暂予监外执行期间死亡的，执行机关应当及时通知监狱或者看守所。>
14,卢某坠楼身亡，公安机关排除他杀，不予立案。但卢某的父母坚称他杀可能性大，应当立案，请求检察院监督。检察院的下列哪一做法是正确的,要求公安机关说明不立案理由,拒绝受理并向卢某的父母解释不立案原因,认为符合立案条件的，可以立案并交由公安机关侦查,认为公安机关不立案理由不能成立的，应当建议公安机关立案,A,《刑事诉讼法》第一百一十三条规定，人民检察院认为公安机关对应当立案侦查的案件而不立案侦查的，或者被害人认为公安机关对应当立案侦查的案件而不立案侦查，向人民检察院提出的，人民检察院应当要求公安机关说明不立案的理由。人民检察院认为公安机关不立案理由不能成立的，应当通知公安机关立案，公安机关接到通知后应当立案。故本题选A。,设计一个法律情境,<《刑事诉讼法》第一百一十三条规定，人民检察院认为公安机关对应当立案侦查的案件而不立案侦查的，或者被害人认为公安机关对应当立案侦查的案件而不立案侦查，向人民检察院提出的，人民检察院应当要求公安机关说明不立案的理由。人民检察院认为公安机关不立案理由不能成立的，应当通知公安机关立案，公安机关接到通知后应当立案。>
15,关于勘验、检查，下列哪一选项是正确的？,为保证侦查活动的规范性与合法性，只有侦查人员可进行勘验、检查,侦查人员进行勘验、检查，必须持有侦查机关的证明文件,检查妇女的身体，应当由女工作人员或者女医师进行,勘验、检查应当有见证人在场，勘验、检查笔录上没有见证人签名的，不得作为定案的根据,B,《刑事诉讼法》第一百二十八条规定，侦查人员对于与犯罪有关的场所、物品、人身、尸体应当进行勘验或者检查。在必要的时候，可以指派或者聘请具有专门知识的人，在侦查人员的主持下进行勘验、检查。选项A错误。《刑事诉讼法》第一百三十条规定，侦查人员执行勘验、检查，必须持有人民检察院或者公安机关的证明文件。对于检察院自侦案件，检察院是侦查机关，对于公安机关侦查的案件，公安机关是侦查机关。选项B正确。《刑事诉讼法》第一百三十二条规定，为了确定被害人、犯罪嫌疑人的某些特征、伤害情况或者生理状态，可以对人身进行检查，可以提取指纹信息，采集血液、尿液等生物样本。犯罪嫌疑人如果拒绝检查，侦查人员认为必要的时候，可以强制检查。检查妇女的身体，应当由女工作人员或者医师进行。注意这里是医师而非女医师。选项C错误。《刑事诉讼法》第一百三十三条规定，勘验、检查的情况应当写成笔录，由参加勘验、检查的人和见证人签名或者盖章。《高法解释》第八十九条规定，勘验、检查笔录存在明显不符合法律、有关规定的情形，不能作出合理解释或者说明的，不得作为定案的根据。选项D错误。,针对给定法律中的某个概念,<《刑事诉讼法》第一百二十八条规定，侦查人员对于与犯罪有关的场所、物品、人身、尸体应当进行勘验或者检查。在必要的时候，可以指派或者聘请具有专门知识的人，在侦查人员的主持下进行勘验、检查。> <《刑事诉讼法》第一百三十条规定，侦查人员执行勘验、检查，必须持有人民检察院或者公安机关的证明文件。> <《刑事诉讼法》第一百三十二条规定，为了确定被害人、犯罪嫌疑人的某些特征、伤害情况或者生理状态，可以对人身进行检查，可以提取指纹信息，采集血液、尿液等生物样本。犯罪嫌疑人如果拒绝检查，侦查人员认为必要的时候，可以强制检查。检查妇女的身体，应当由女工作人员或者医师进行。> <《刑事诉讼法》第一百三十三条  勘验、检查的情况应当写成笔录，由参加勘验、检查的人和见证人签名或者盖章。>
16,社会主义法治要通过法治的一系列原则加以体现。具有法定情形不予追究刑事责任是《刑事诉讼法》确立的一项基本原则，下列哪一案件的处理体现了这一原则？,甲涉嫌盗窃，立案后发现涉案金额400余元，公安机关决定撤销案件,乙涉嫌抢夺，检察院审查起诉后认为犯罪情节轻微，不需要判处刑罚，决定不起诉,丙涉嫌诈骗，法院审理后认为其主观上不具有非法占有他人财物的目的，作出无罪判决,丁涉嫌抢劫，检察院审查起诉后认为证据不足，决定不起诉,A,《刑事诉讼法》第十六条规定，有下列情形之一的，不追究刑事责任，已经追究的，应当撤销案件，或者不起诉，或者终止审理，或者宣告无罪:（一）情节显著轻微、危害不大，不认为是犯罪的（二）犯罪已过追诉时效期限的；（三）经特赦令免除刑罚的；（四）依照刑法告诉才处理的犯罪，没有告诉或者撤回告诉的；（五）犯罪嫌疑人、被告人死亡的；（六）其他法律规定免予追究刑事责任的。选项A正确。涉案金额未达到刑法要求的起刑点，不构成犯罪，属于法定不起诉的情形。选项B错误。在审查起诉环节，检察机认为情节显著轻微””，危害不大，根据刑法不认为是犯罪的应当作出法定不起诉的处理；而如果检察机关认为犯罪情节轻微””，依照刑法规定不需要判处刑罚或者免除刑罚的，可以作出酌定不起诉的处理。要注意二者在适用条件上的区别。选项C错误。作出无罪判决是通过开庭审理案件所作出的裁判，不属于《刑事诉讼法》第十六条规定的六种不追究刑事责任的情形。选项D错误。检察院作出的存疑不起诉（证据不足的不起诉），是指在现阶段搜集到的证据不足以支持检察院对丁提起公诉，不是不对其追究刑事责任，在日后搜集到足以证明其有罪的证据仍可以提起公诉，不属于《刑事诉讼法》第十六条规定的六种不追究刑事责任的情形。,针对给定法律中的某个概念,<《刑事诉讼法》第十六条规定，有下列情形之一的，不追究刑事责任，已经追究的，应当撤销案件，或者不起诉，或者终止审理，或者宣告无罪:（一）情节显著轻微、危害不大，不认为是犯罪的；（二）犯罪已过追诉时效期限的；（三）经特赦令免除刑罚的；（四）依照刑法告诉才处理的犯罪，没有告诉或者撤回告诉的；（五）犯罪嫌疑人、被告人死亡的；（六）其他法律规定免予追究刑事责任的。>
17,关于审判组织的说法，下列选项正确的是？,张某盗窃案，某县法院审理时，可以由审判员五人组成合议庭,秦某故意杀人案，某中级人民法院第一审时，可以由审判员和人民陪审员五人组成合议庭,高级法院审理一审案件时，可以由审判员和人民陪审员七人组成合议庭,最高人民法院审理一审案件时，可以由审判员和人民陪审员七人组成合议庭,C,A、B项，《刑事诉讼法》第一百八十三条第1款规定:“基层人民法院、中级人民法院审判第一审案件，应当由审判员三人或者由审判员和人民陪审员共三人或者七人组成合议庭进行，但是基层人民法院适用简易程序、速裁程序的案件可以由审判员一人独任审判。”因此A、B项均错误。C项，《刑事诉讼法》第一百八十三条第2款规定:“高级人民法院审判第一审案件，应当由审判员三人至七人或者由审判员和人民陪审员共三人或者七人组成合议庭进行。”因此C项正确。D项，《刑事诉讼法》第一百八十三条第3款规定:“最高人民法院审判第一审案件，应当由审判员三人至七人组成合议庭进行。”最高人民法院审判第一审案件，只能由审判员组成合议庭，不能由人民陪审员参加。因此D项错误。,针对给定法律中的某个概念,<《刑事诉讼法》第一百八十三条规定，基层人民法院、中级人民法院审判第一审案件，应当由审判员三人或者由审判员和人民陪审员共三人或者七人组成合议庭进行，但是基层人民法院适用简易程序、速裁程序的案件可以由审判员一人独任审判。高级人民法院审判第一审案件，应当由审判员三人至七人或者由审判员和人民陪审员共三人或者七人组成合议庭进行。最高人民法院审判第一审案件，应当由审判员三人至七人组成合议庭进行。人民法院审判上诉和抗诉案件，由审判员三人或者五人组成合议庭进行。合议庭的成员人数应当是单数。>
18,甲交通肇事，将行人乙撞成重伤。甲见乙受重伤，心生恐惧，刚想离开被另一行人丙看到。丙见状要求甲将乙送至医院甲不肯。丙无奈，动手将甲打伤，逼其将乙送至医院，最终乙得到救治。丙的行为应如何认定?,正当防卫,紧急避险,故意伤害罪,无因管理,A,首先，甲交通肇事将乙造成重伤后，对乙有救助的义务。如果对乙不履行救助义务而导致乙死亡的，构成不作为犯的故意杀人罪。当然，《刑法》第133条将交通肇事后因逃逸致人死亡的行为，规定为结果加重犯，如果交通肇事后逃逸，导致被害人得不到救助而死亡的，成立交通肇事因逃逸致人死亡的结果加重犯。其次，对于甲的后续的不作为犯的故意杀人罪，亦属于不法侵害””，并且是重大不法侵害。丙对于甲的不法侵害（不作为犯）实施制止行为，成立正当防卫。从这一意义上看，正当防卫所面临的不法侵害，包括不作为犯的不法侵害。对不作为的不法侵害，正当防卫的边界应该是促使作为义务人积极履行救助义务。在本案中，丙动手打伤甲，迫使其将乙送往医院，主观上是为了制止不法侵害，客观上也制止了不法侵害，且未超过必要限度，因此成立正当防卫。,设计一个法律情境,<《刑法》第二十条规定，为了使国家、公共利益、本人或者他人的人身、财产和其他权利免受正在进行的不法侵害，而采取的制止不法侵害的行为，对不法侵害人造成损害的，属于正当防卫，不负刑事责任。正当防卫明显超过必要限度造成重大损害的，应当负刑事责任，但是应当减轻或者免除处罚。对正在进行行凶、杀人、抢劫、强奸、绑架以及其他严重危及人身安全的暴力犯罪，采取防卫行为，造成不法侵害人伤亡的，不属于防卫过当，不负刑事责任。>
19,关于刑事责任能力的认定，下列哪一选项是正确的,甲先天双目失明，在大学读书期间因琐事致室友重伤。甲具有限定刑事责任能力,乙是聋哑人，长期组织数名聋哑人在公共场所扒窃。乙属于相对有刑事责任能力,丙服用安眠药陷入熟睡，致同床的婴儿被压迫窒息死亡。丙不具有刑事责任能力,丁大醉后步行回家，嫌他人小汽车挡路，将车砸坏，事后毫无记忆。丁具有完全刑事责任能力,D,又聋又哑的人或者盲人在实施犯罪时均有刑事责任能力，只不过因其刑事责任能力减弱，故可以从轻、减轻或者免除处罚。AB项错误。根据《刑法》第十八条第1款的规定，精神病人在不能辨认或者不能控制自己行为的时候造成危害结果，经法定程序鉴定确认的，不负刑事责任。本案中丙并非精神病人，其在服用安眠药之前应当预见到睡眠过程中可能导致婴儿被自己压迫窒息死亡，但是因为疏忽大意没有预见到，丙应对婴儿的死亡承担过失致人死亡罪的刑事责任。C项错误。根据《刑法》第十八条第4款的规定，醉酒的人犯罪的，应当负刑事责任。丁醉酒后故意毁坏他人汽车，应对故意毁坏财物罪负完全刑事责任，不存在从宽处罚情节。D项正确。,针对给定法律中的某个概念,<《刑法》第十九条规定，又聋又哑的人或者盲人犯罪，可以从轻、减轻或者免除处罚。> <《刑法》第十八条规定，精神病人在不能辨认或者不能控制自己行为的时候造成危害结果，经法定程序鉴定确认的，不负刑事责任，但是应当责令他的家属或者监护人严加看管和医疗；在必要的时候，由政府强制医疗。间歇性的精神病人在精神正常的时候犯罪，应当负刑事责任。尚未完全丧失辨认或者控制自己行为能力的精神病人犯罪的，应当负刑事责任，但是可以从轻或者减轻处罚。醉酒的人犯罪，应当负刑事责任。>
20,甲男（15周岁）与乙女（16周岁）因缺钱，共同绑架富商之子丙，成功索得50万元赎金。甲担心丙将来可能认出他们，提议杀丙，乙同意。乙给甲一根绳子，甲用绳子勒死丙。关于本案的分析，下列哪一选项是错误的？,甲、乙均触犯故意杀人罪，因而对故意杀人罪成立共同犯罪,甲、乙均触犯故意杀人罪，对甲以故意杀人罪论处，但对乙应以绑架罪论处,丙系死于甲之手，乙未杀害丙，故对乙虽以绑架罪定罪，但对乙不能适用”杀害被绑架人”的规定,对甲以故意杀人罪论处，对乙以绑架罪论处，与二人成立故意杀人罪的共同犯罪并不矛盾,C,甲担心丙将来可能认出他们，提议杀丙，乙同意。乙给甲一根绳子，甲用绳子勒死丙。甲实施了故意杀人的实行行为，乙实施了故意杀人的帮助行为，二人既有共同杀人的故意，也实施了共同杀人的行为，因而成立故意杀人罪的共同犯罪。A正确。乙虽然没有实施故意杀人罪的实行行为，但提供了帮助，并且有共同杀人的故意，因而与甲构成故意杀人罪的共同犯罪，对乙应当适用“杀害被绑架人”的规定。C错误。《刑法》第十七条第2款规定，已满十四周岁不满十六周岁的人，犯故意杀人、故意伤害致人重伤或者死亡、强奸、抢劫、贩卖毒品、放火、爆炸、投放危险物质罪的，应当负刑事责任。在本案中，甲乙共谋绑架并杀害被害人，二人在故意杀人罪的范围内成立共犯。但甲只对其故意杀人的行为负刑事责任，对绑架不负刑事责任，因此只成立故意杀人罪；对乙则以绑架罪论处，按照绑架并杀害被绑架人的规定处罚，二者并不矛盾。B、D正确。,设计一个法律情境,<《刑法》第十七条规定，已满十六周岁的人犯罪，应当负刑事责任。已满十四周岁不满十六周岁的人，犯故意杀人、故意伤害致人重伤或者死亡、强奸、抢劫、贩卖毒品、放火、爆炸、投放危险物质罪的，应当负刑事责任。已满十二周岁不满十四周岁的人，犯故意杀人、故意伤害罪，致人死亡或者以特别残忍手段致人重伤造成严重残疾，情节恶劣，经最高人民检察院核准追诉的，应当负刑事责任。对依照前三款规定追究刑事责任的不满十八周岁的人，应当从轻或者减轻处罚。因不满十六周岁不予刑事处罚的，责令其父母或者其他监护人加以管教；在必要的时候，依法进行专门矫治教育。> <《刑法》第二十五条规定，共同犯罪是指二人以上共同故意犯罪。二人以上共同过失犯罪，不以共同犯罪论处；应当负刑事责任的，按照他们所犯的罪分别处罚。>
21,交警甲和无业人员乙勾结，让乙告知超载司机“只交罚款一半的钱，即可优先通行””；司机交钱后，乙将交钱司机的车号报给甲，由在高速路口执勤的甲放行。二人利用此法共得32万元，乙留下10万元，余款归甲。关于本案的分析，下列哪一选项是错误的？,甲、乙构成受贿罪共犯,甲、乙构成贪污罪共犯,甲、乙构成滥用职权罪共犯,乙的受贿数额是32万元,B,《刑法》第三百八十五条第1款规定，国家工作人员利用职务上的便利，索取他人财物的，或者非法收受他人财物，为他人谋取利益的，是受贿罪。本题中，交警甲利用其职务上的便利，指使乙非法向超载司机索取钱财，成立受贿罪。另外，不具有构成身份的人与具有构成身份的人共同实施真正身份犯罪时，成立共同犯罪。因此，乙与甲成立受贿罪的共犯。A正确。《刑法》第三百八十二条第1款规定，国家工作人员利用职务上的便利，侵吞、窃取、骗取或者以其他手段非法占有公共财物的，是贪污罪。贪污罪客观方面之一要求必须非法占有公共财物，而本题中交警甲和无业人员乙对超载司机收获的“罚款”此时尚未成为公共财物，属于司机的贿赂款项，因此不构成贪污罪。B错误。《刑法》第三百九十七条第一款规定，国家机关工作人员滥用职权或者玩忽职守，致使公共财产、国家和人民利益遭受重大损失的，处三年以下有期徒刑或者拘役；情节特别严重的，处三年以上七年以下有期徒刑。本法另有规定的，依照规定。本题中，甲滥用其放行车辆的权力，与无业人员乙共谋让提前给其缴纳半数罚款的超载车辆通行，致使国家损失64万元，并威胁到高速公路上的行车安全，构成滥用职权罪的共犯。C正确。按照“部分行为，全部责任”原则，在共同受贿犯罪中，应按照共同犯罪涉及的总金额来认定犯罪金额。因此，甲、乙的受贿罪金额均为32万元。D正确。,设计一个法律情境,<《刑法》第三百八十二条规定，国家工作人员利用职务上的便利，侵吞、窃取、骗取或者以其他手段非法占有公共财物的，是贪污罪。受国家机关、国有公司、企业、事业单位、人民团体委托管理、经营国有财产的人员，利用职务上的便利，侵吞、窃取、骗取或者以其他手段非法占有国有财物的，以贪污论。与前两款所列人员勾结，伙同贪污的，以共犯论处。> <《刑法》第三百八十五条规定，国家工作人员利用职务上的便利，索取他人财物的，或者非法收受他人财物，为他人谋取利益的，是受贿罪。国家工作人员在经济往来中，违反国家规定，收受各种名义的回扣、手续费，归个人所有的，以受贿论处。> <《刑法》第三百九十七条规定，国家机关工作人员滥用职权或者玩忽职守，致使公共财产、国家和人民利益遭受重大损失的，处三年以下有期徒刑或者拘役；情节特别严重的，处三年以上七年以下有期徒刑。本法另有规定的，依照规定。国家机关工作人员徇私舞弊，犯前款罪的，处五年以下有期徒刑或者拘役；情节特别严重的，处五年以上十年以下有期徒刑。本法另有规定的，依照规定。> <《刑法》第二十五条规定，共同犯罪是指二人以上共同故意犯罪。二人以上共同过失犯罪，不以共同犯罪论处；应当负刑事责任的，按照他们所犯的罪分别处罚。> <《刑法》第二十六条  组织、领导犯罪集团进行犯罪活动的或者在共同犯罪中起主要作用的，是主犯。三人以上为共同实施犯罪而组成的较为固定的犯罪组织，是犯罪集团。对组织、领导犯罪集团的首要分子，按照集团所犯的全部罪行处罚。对于第三款规定以外的主犯，应当按照其所参与的或者组织、指挥的全部犯罪处罚。>
22,关于自首，下列哪一选项是正确的,甲绑架他人作为人质并与警察对峙，经警察劝说放弃了犯罪。甲是在“犯罪过程中”而不是“犯罪以后”自动投案，不符合自首条件,乙交通肇事后留在现场救助伤员，并报告交管部门发生了事故。交警到达现场询问时，乙否认了自己的行为。乙不成立自首,丙故意杀人后如实交代了自己的客观罪行，司法机关根据其交代认定其主观罪过为故意，丙辩称其为过失。丙不成立自首,丁犯罪后，仅因形迹可疑而被盘问、教育，便交代了自己所犯罪行，但拒不交代真实身份。丁不属于如实供述，不成立自首,B,犯罪以后自动投案并如实供述所犯罪行的，成立自首。甲绑架他人作为人质，此时绑架罪已经成立并且既遂。甲在与警察对峙的过程中经警察劝说放弃了犯罪。属于在犯罪以后自动投案，成立自首。A项错误。自首中的投案须具有自动性，即自愿将自己至于司法机关的控制之下。乙在交通肇事后虽然留在现场救助伤员并报告交管部门发生了事故。但在交警到达现场询问时却否认了自己的行为。说明乙不想接受司法机关的控制，不成立自首。B项正确。合理的辩解不影响如实供述的认定。丙故意杀人后如实交代了自己的客观罪行。尽管丙辩称自己是过失杀人，但这并不影响丙自首的成立。C项错误。自动投案后只要如实供述犯罪成立的主要事实即可。对于拒不交代真实身份的情形，只要该身份不影响最终的定罪量刑。那么即便不交代也不影响自首的认定。本案中丁犯罪后，因形迹可疑而被盘问、教育，交代了所犯罪行，虽然拒不交代真实身份，但仍成立自首。D项错误。,针对给定法律中的某个概念,<《刑法》第六十七条规定，犯罪以后自动投案，如实供述自己的罪行的，是自首。对于自首的犯罪分子，可以从轻或者减轻处罚。其中，犯罪较轻的，可以免除处罚。被采取强制措施的犯罪嫌疑人、被告人和正在服刑的罪犯，如实供述司法机关还未掌握的本人其他罪行的，以自首论。犯罪嫌疑人虽不具有前两款规定的自首情节，但是如实供述自己罪行的，可以从轻处罚；因其如实供述自己罪行，避免特别严重后果发生的，可以减轻处罚。>
23,关于职业禁止，下列哪一选项是正确的？,利用职务上的便利实施犯罪的，不一定都属于“利用职业便利”实施犯罪,行为人违反职业禁止的决定，情节严重的，应以拒不执行判决、裁定罪定罪处罚,判处有期徒刑并附加剥夺政治权利，同时决定职业禁止的，在有期徒刑与剥夺政治权利均执行完毕后，才能执行职业禁止,职业禁止的期限均为3年至5年,B,利用职业便利实施犯罪，指的是利用自己从事某一行业的方便实施的犯罪，如证券业从业者实施的内幕交易罪。因此，“利用职务便利”当然属于“利用职业便利”。A项是错误的。刑法37条之一规定，被禁止从事相关职业的人违反人民法院依照前款规定作出的决定的，由公安机关依法给予处罚；情节严重的，依照本法第三百一十三条（拒不执行判决、裁定罪）的规定定罪处罚。B项是正确的。职业禁止无需等到附加刑执行完毕才开始执行，而是主刑执行完毕。C项是错误的。《刑法》第三十七条规定，其他法律、行政法规对其从事相关职业另有禁止或者限制性规定的，从其规定。如证券法233条即规定，监管机构可以对有关责任人员采取市场禁入的措施（这一期限显然是终身的）。D项是错误的。,针对给定法律中的某个概念,<《刑法》第三十七条规定，因利用职业便利实施犯罪，或者实施违背职业要求的特定义务的犯罪被判处刑罚的，人民法院可以根据犯罪情况和预防再犯罪的需要，禁止其自刑罚执行完毕之日或者假释之日起从事相关职业，期限为三年至五年。被禁止从事相关职业的人违反人民法院依照前款规定作出的决定的，由公安机关依法给予处罚；情节严重的，依照本法第三百一十三条的规定定罪处罚。其他法律、行政法规对其从事相关职业另有禁止或者限制性规定的，从其规定。>
24,关于假释的撤销，下列哪一选项是错误的,被假释的犯罪分子，在假释考验期内犯新罪的，应撤销假释，按照先减后并的方法实行并罚,被假释的犯罪分子，在假释考验期内严重违反假释监督管理规定，即使假释考验期满后才被发现，也应撤销假释,在假释考验期内，发现被假释的犯罪分子在判决宣告前还有同种罪未判决的，应撤销假释,在假释考验期满后，发现被假释的犯罪分子在判决宣告前有他罪未判决的，应撤销假释，数罪并罚,D,关于A项。根据《刑法》第八十六条第1款的规定，被假释的犯罪分子，在假释考验期限内犯新罪，应当撤销假释，依照本法第七十一条规定的先减后并的方法实行数罪并罚。因此，A项的表述正确，不当选。关于B项。根据《刑法》第八十六条第3款的规定，被假释的犯罪分子，在假释考验期限内，有违反法律、行政法规或者国务院有关部门关于假释的监督管理规定的行为，尚未构成新的犯罪的，应当依照法定程序撤销假释，收监执行未执行完毕的刑罚。需要强调的是，在假释考验期内实施违反假释监督管理规定的行为，无论是在假释考验期内当时被发现，还是在假释考验期满之后才发现，都应当撤销假释，收监执行未执行完毕的刑罚。因此，B项的表述正确，不当选。关于C项。根据《刑法》第八十六条第2款的规定，在假释考验期限内，发现被假释的犯罪分子在判决宣告以前还有其他罪没有判决的，应当撤销假释，依照本法第七十条规定的先并后减的方法实行数罪并罚。因此，C项的表述正确，不当选。关于D项。如果在假释考验期满后，才发现被假释的犯罪人在判决宣告以前还有其他罪没有判决的，不得撤销假释，只能对新发现的犯罪另行侦查、起诉、审判，不得与前罪实行数罪并罚。因此，D项的表述错误，当选。,针对给定法律中的某个概念,<《刑法》第八十五条规定，对假释的犯罪分子，在假释考验期限内，依法实行社区矫正，如果没有本法第八十六条规定的情形，假释考验期满，就认为原判刑罚已经执行完毕，并公开予以宣告。> <《刑法》第八十六条规定，被假释的犯罪分子，在假释考验期限内犯新罪，应当撤销假释，依照本法第七十一条的规定实行数罪并罚。在假释考验期限内，发现被假释的犯罪分子在判决宣告以前还有其他罪没有判决的，应当撤销假释，依照本法第七十条的规定实行数罪并罚。被假释的犯罪分子，在假释考验期限内，有违反法律、行政法规或者国务院有关部门关于假释的监督管理规定的行为，尚未构成新的犯罪的，应当依照法定程序撤销假释，收监执行未执行完毕的刑罚。>
25,刘某持西瓜刀闯进超市抢劫，超市员工陈某反击。二人扭打中，陈某夺下刀然后扔掉，碰巧砸中旁边的王某头部，致其重伤。刘某未取得财物，见状逃跑，出了超市后骑自行车逃跑。陈某追上，扑上前去，将刘某连人带车摔倒在地，刘某摔伤（轻伤），陈某也摔伤（重伤）。下列说法正确的是？,刘某对王某的受伤负刑事责任,陈某致王某受伤，属于正当防卫，不负刑事责任,陈某致王某受伤，系防卫过当,刘某对陈某的重伤不负刑事责任，不构成抢劫罪致人重伤,D,A项，陈某反击刘某的行为属于正当防卫。但陈某扔刀不慎砸中王某，致王某重伤。该结果不能归属给刘某。这是因为，第一，该事件比较异常。王某受伤与刘某的抢劫是独立关系。第二，刘某的抢劫行为对王某没有制造危险。王某受伤应归属给陈某。但这只是客观阶层的分析。在主观阶层，陈某对王某的受伤若没有预见可能性，则按照意外事件处理。BC项，陈某扔刀砸中王某的行为，不属于防卫行为，既不属于正当防卫，也不需要判断是否防卫过当。D项，刘某未取得财物而逃跑，此时陈某追赶，不存在夺回财物的问题，不是正当防卫行为，而是扭送行为。陈某实施扭送行为导致自己受伤该结果不能归属于刘某。这是因为，刘某的逃跑行为本身对陈某没有制造危险。因此，刘某构成抢劫罪，但不构成抢劫罪致人重伤。,设计一个法律情境,<《刑法》第二十条规定，为了使国家、公共利益、本人或者他人的人身、财产和其他权利免受正在进行的不法侵害，而采取的制止不法侵害的行为，对不法侵害人造成损害的，属于正当防卫，不负刑事责任。正当防卫明显超过必要限度造成重大损害的，应当负刑事责任，但是应当减轻或者免除处罚。对正在进行行凶、杀人、抢劫、强奸、绑架以及其他严重危及人身安全的暴力犯罪，采取防卫行为，造成不法侵害人伤亡的，不属于防卫过当，不负刑事责任。>
26,首要分子甲通过手机指令所有参与者”和对方打斗时，下手重一点”。在聚众斗殴过程中，被害人被谁的行为重伤致死这一关键事实已无法查明。关于本案的分析，下列哪一选项是正确的？,对甲应以故意杀人罪定罪量刑,甲是教唆犯，未参与打斗，应认定为从犯,所有在现场斗殴者都构成故意杀人罪,对积极参加者按故意杀人罪定罪，对其他参加者按聚众斗殴罪定罪,A,《刑法》第二百九十二条第2款规定，聚众斗殴，致人重伤、死亡的，依照本法第二百三十四条（故意伤害罪）、第二百三十二条（故意杀人罪）的规定定罪处罚。本题中，首要分子甲指令所有参与者和对方打斗时“下手重一点”，这里的“下手重一点”，应认为包括对被害人重伤、死亡后果所持的是直接故意心态或间接故意心态。因此，甲对被害人被重伤致死的后果应当承担刑事责任，即甲构成故意杀人罪。A正确。本题中，甲是教唆犯，虽其没有实际参与打斗，但其在共同犯罪中起了主要作用。因此，对甲应认定为主犯，而非从犯。B错误。按照共同犯罪的法理，在聚众斗殴过程中，如果只是一个或一部分人实施了严重暴力行为，导致被害人重伤、死亡的，那么只有实施该严重暴力的人转化为故意伤害罪或故意杀人罪，其他的人仍然定聚众斗殴罪。就本题而言，由于被害人被谁的行为重伤致死这一关键事实已无法查明，因而就实际参与打斗的人而言，无论认定谁构成故意杀人罪，都有可能被冤枉，按照疑罪从无的精神，只能认定所有参与打斗的人，对被害人的死亡都不承担刑事责任。C、D错误。,设计一个法律情境,<《刑法》第二百九十二条规定，聚众斗殴的，对首要分子和其他积极参加的，处三年以下有期徒刑、拘役或者管制；有下列情形之一的，对首要分子和其他积极参加的，处三年以上十年以下有期徒刑:（一）多次聚众斗殴的；（二）聚众斗殴人数多，规模大，社会影响恶劣的；（三）在公共场所或者交通要道聚众斗殴，造成社会秩序严重混乱的；（四）持械聚众斗殴的。聚众斗殴，致人重伤、死亡的，依照本法第二百三十四条、第二百三十二条的规定定罪处罚。> <《刑法》第二百三十二条规定，故意杀人的，处死刑、无期徒刑或者十年以上有期徒刑；情节较轻的，处三年以上十年以下有期徒刑。> <《刑法》第二百三十四条规定，故意伤害他人身体的，处三年以下有期徒刑、拘役或者管制。犯前款罪，致人重伤的，处三年以上十年以下有期徒刑；致人死亡或者以特别残忍手段致人重伤造成严重残疾的，处十年以上有期徒刑、无期徒刑或者死刑。本法另有规定的，依照规定。> <《刑法》第二十六条规定，组织、领导犯罪集团进行犯罪活动的或者在共同犯罪中起主要作用的，是主犯。三人以上为共同实施犯罪而组成的较为固定的犯罪组织，是犯罪集团。对组织、领导犯罪集团的首要分子，按照集团所犯的全部罪行处罚。对于第三款规定以外的主犯，应当按照其所参与的或者组织、指挥的全部犯罪处罚。> <《刑法》第二十七条规定，在共同犯罪中起次要或者辅助作用的，是从犯。对于从犯，应当从轻、减轻处罚或者免除处罚。> <《刑法》第二十九条规定，教唆他人犯罪的，应当按照他在共同犯罪中所起的作用处罚。教唆不满十八周岁的人犯罪的，应当从重处罚。如果被教唆的人没有犯被教唆的罪，对于教唆犯，可以从轻或者减轻处罚。>
27,关于累犯，下列哪一选项是正确的,对累犯和犯罪集团的积极参加者，不适用缓刑,对累犯，如假释后对所居住的社区无不良影响的，法院可决定假释,对被判处无期徒刑的累犯，根据犯罪情节等情况，法院可同时决定对其限制减刑,犯恐怖活动犯罪被判处有期徒刑4年，刑罚执行完毕后的第12年又犯黑社会性质的组织犯罪的，成立累犯,D,关于A项。根据《刑法》第七十四条的规定，对于累犯和犯罪集团的首要分子，不适用缓刑。犯罪集团的积极参加者，不一定都是犯罪集团的首要分子，因此，A项的表述错误，不当选。关于B项。根据《刑法》第八十一条第2款的规定，对累犯以及因故意杀人、强奸、抢劫、绑架、放火、爆炸、投放危险物质或者有组织的暴力性犯罪被判处十年以上有期徒刑、无期徒刑的犯罪分子，不得假释。可见，所有的累犯都不得假释。因此，B项的表述错误，不当选。关于C项。根据《刑法》第五十条第2款的规定，对被判处死刑缓期执行的累犯以及因故意杀人、强奸、抢劫、绑架、放火、爆炸、投放危险物质或者有组织的暴力性犯罪被判处死刑缓期执行的犯罪分子，人民法院根据犯罪情节等情况可以同时决定对其限制减刑。可见，限制减刑的对象，只能是9种死缓犯，与无期徒刑犯无关。因此，C项的表述错误，不当选。关于D项。根据《刑法》第六十六条的规定，危害国家安全犯罪、恐怖活动犯罪、黑社会性质的组织犯罪的犯罪分子，在刑罚执行完毕或者赦免以后，在任何时候再犯上述任一类罪的，都以累犯论处，此即特别累犯。,针对给定法律中的某个概念,<《刑法》第五十条规定，判处死刑缓期执行的，在死刑缓期执行期间，如果没有故意犯罪，二年期满以后，减为无期徒刑；如果确有重大立功表现，二年期满以后，减为二十五年有期徒刑；如果故意犯罪，情节恶劣的，报请最高人民法院核准后执行死刑；对于故意犯罪未执行死刑的，死刑缓期执行的期间重新计算，并报最高人民法院备案。对被判处死刑缓期执行的累犯以及因故意杀人、强奸、抢劫、绑架、放火、爆炸、投放危险物质或者有组织的暴力性犯罪被判处死刑缓期执行的犯罪分子，人民法院根据犯罪情节等情况可以同时决定对其限制减刑。> <《刑法》第六十六条规定，危害国家安全犯罪、恐怖活动犯罪、黑社会性质的组织犯罪的犯罪分子，在刑罚执行完毕或者赦免以后，在任何时候再犯上述任一类罪的，都以累犯论处。> <《刑法》第七十四条规定，对于累犯和犯罪集团的首要分子，不适用缓刑。> <《刑法》第八十一条规定，被判处有期徒刑的犯罪分子，执行原判刑期二分之一以上，被判处无期徒刑的犯罪分子，实际执行十三年以上，如果认真遵守监规，接受教育改造，确有悔改表现，没有再犯罪的危险的，可以假释。如果有特殊情况，经最高人民法院核准，可以不受上述执行刑期的限制。对累犯以及因故意杀人、强奸、抢劫、绑架、放火、爆炸、投放危险物质或者有组织的暴力性犯罪被判处十年以上有期徒刑、无期徒刑的犯罪分子，不得假释。对犯罪分子决定假释时，应当考虑其假释后对所居住社区的影响。>
28,女舞蹈家关某在某小学参加活动，观看小学生舞蹈表演，发现10岁女孩林晓极具舞蹈天赋，遂对林晓表示愿意赠与其100万元；该笔资金只能用于舞蹈培训，助其成为舞蹈艺术家。林晓当场接受，林晓的父母知悉后，明确表示拒绝，下列哪一选项是正确的？,林晓的父母应维护林晓的利益，赠与有效,林晓的父母可拒绝接受，赠与无效,林晓可以独立判断，赠与有效,林晓获得赠与属于纯获利益，赠与有效,B,赠与可以附义务。赠与附义务的，受赠人应当按照约定履行义务。本题中，关某与林晓之间的赠与合同中明确表示“只能用于舞蹈培训”，因此，系附义务的赠与合同。10岁的林晓系限制民事行为能力人，100万元超出其意思能力，不可以独立判断。附义务的赠与合同亦非纯获法律上利益。故C、D项错误，不当选。限制民事行为能力人所实施的与其意思能力不相适应的双方民事法律行为效力待定。本题中，关某与林晓签订的附义务的赠与合同效力待定。作为法定代理人的父母知悉后，明确表示拒绝。因此，该赠与合同自始无效。故A项错误，不当选。B项正确，当选。综上所述，本题的正确答案为B。,设计一个法律情境,<《民法典》第六百六十一条规定，赠与可以附义务。赠与附义务的，受赠人应当按照约定履行义务。> <《民法典》第六百六十三条规定，受赠人有下列情形之一的，赠与人可以撤销赠与:（一）严重侵害赠与人或者赠与人近亲属的合法权益；（二）对赠与人有扶养义务而不履行；（三）不履行赠与合同约定的义务。赠与人的撤销权，自知道或者应当知道撤销事由之日起一年内行使。> <《民法典》第十九条规定，八周岁以上的未成年人为限制民事行为能力人，实施民事法律行为由其法定代理人代理或者经其法定代理人同意、追认；但是，可以独立实施纯获利益的民事法律行为或者与其年龄、智力相适应的民事法律行为。>
29,钱某有一幅祖传古画，市值100万元，高某为了低价收购该古画，伙同某艺术品鉴定家孟某欺骗钱某该画是赝品，价值不超过10万元，钱某信以为真。后钱某以15万元将古画卖给了不知情的陈某。关于本案，下列哪一选项是正确的？,因陈某乘人之危，钱某可以撤销与陈某的买卖合同,因遭受高某欺诈，钱某可以撤销与陈某的买卖合同,属于重大误解，钱某可以撤销与陈某的买卖合同,属于显失公平，钱某可以撤销与陈某的买卖合同,C,"A、D项考查显失公平。显失公平的核心有二:1.利用对方处于困境或缺乏判断能力；2.民事法律行为成立时显失公平（主要体现于价格因素）。本题中，虽古画价值100万元却以15万元卖给陈某符合民事法律行为成立时显失公平的要件。但是，作为买卖合同当事人的陈某（买方）并未利用钱某（卖方）处于困境或缺乏判断能力（因为陈某“不知情”）。因此，钱某不得基于显失公平主张撤销买卖合同。故A、D项均错误，不当选。B项考查第三人的欺诈。《民法典》第一百四十九条:第三人实施欺诈行为,使一方在违背真实意思的情况下实施的民事法律行为,对方知道或者应当知道该欺诈行为的,受欺诈方有权请求人民法院或者仲裁机构予以撤销。本题中，陈某并不知高某对钱某实施了欺诈行为。因此，钱某无权基于高某对其实施欺诈而撤销与陈某的合同。故B项错误，不当选。C项考查重大误解。重大误解，是指行为人因对行为的性质、对方当事人、标的物的品种、规格、数量和质量等的错误认识，使行为的后果与自己的意思相悖，并造成较大损失。本题中，钱某将古画出卖给陈某时因受欺诈而陷入错误认识，对标的物认识错误，进而将100万元的古画以15万元出售给陈某，客观上造成了较大损失。因此，依法成立重大误解（对标的物认识错误），可以撤销买卖合同。故C项说法正确，当选。",设计一个法律情境,<《民法典》第一百五十一条规定，一方利用对方处于危困状态、缺乏判断能力等情形，致使民事法律行为成立时显失公平的，受损害方有权请求人民法院或者仲裁机构予以撤销。> <《民法典》第一百四十九条规定，第三人实施欺诈行为，使一方在违背真实意思的情况下实施的民事法律行为，对方知道或者应当知道该欺诈行为的，受欺诈方有权请求人民法院或者仲裁机构予以撤销。> <《民法典》第一百四十七条规定，基于重大误解实施的民事法律行为，行为人有权请求人民法院或者仲裁机构予以撤销。>
30,甲、乙二人同村，宅基地毗邻。甲的宅基地倚山、地势较低，乙的宅基地在上将其环绕。乙因琐事与甲多次争吵而郁闷难解，便沿二人宅基地的边界线靠己方一侧，建起高5米围墙，使甲在自家院内却有身处监牢之感。乙的行为违背民法的下列哪一基本原则,自愿原则,公平原则,平等原则,诚信原则,D,自愿原则是指当事人可以根据自己的判断，去从事民事活动，国家一般不干预当事人的自由意志，充分尊重当事人的选择，内容包括自己行为和自己责任两个方面。公平原则实质是在民事活动中以利益均衡作为价值判断标准，在民事主体之间发生利益关系摩擦时，以权利和义务是否均衡来平衡双方的利益。平等原则意味着当事人在民事活动中的地位平等。任何自然人、法人在民事法律关系中平等地享有权利、承担义务，其权利平等的受到保护。诚信原则，要求处于法律上特殊联系的民事主体应忠诚、守信，做到谨慎维护对方的利益、满足对方的正当期待、给对方提供必要的信息等，发挥行为指引功能、规范解释功能和法律漏洞的填补功能。其中，行为指引功能禁止滥用权利，要求当事人以善意方式行使权利、履行义务。如果当事人违背这种要求，即构成权利的滥用，违背了诚信原则。乙为报复甲，利用自己的宅基地，建高5米的围墙，其行为违背了善意方式行使权力、履行义务的要求，构成权利滥用，所以违背了诚信原则。本题所述情况与自愿原则、公平原则、平等原则无关。,设计一个法律情境,<《民法典》第五条规定，民事主体从事民事活动，应当遵循自愿原则，按照自己的意思设立、变更、终止民事法律关系。> <《民法典》第六条规定，民事主体从事民事活动，应当遵循公平原则，合理确定各方的权利和义务。> <《民法典》第七条规定，民事主体从事民事活动，应当遵循诚信原则，秉持诚实，恪守承诺。> <《民法典》第四条规定，民事主体在民事活动中的法律地位一律平等。>
31,甲公司向乙公司催讨一笔已过诉讼时效期限的10万元货款。乙公司书面答复称:“该笔债务已过时效期限，本公司本无义务偿还，但鉴于双方的长期合作关系，可偿还3万元。”甲公司遂向法院起诉，要求偿还10万元。乙公司接到应诉通知后书面回函甲公司称:“既然你公司起诉，则不再偿还任何货款。”下列哪一选项是正确的？,乙公司的书面答复意味着乙公司需偿还甲公司3万元,乙公司的书面答复构成要约,乙公司的书面回函对甲公司有效,乙公司的书面答复表明其丧失了10万元的时效利益,A,《民法典》第一百九十二条第2款:诉讼时效期间届满后，义务人同意履行的，不得以诉讼时效期间届满为由抗辩；义务人已自愿履行的，不得请求返还。本题中，在诉讼时效期间届满后，乙公司向甲公司以书面形式作出“愿意偿还3万元”的意思表示，则意味着这“3万元”不再受上述时效的限制，乙公司需要向甲公司偿还3万元，但是对剩下7万元则无须偿还。A正确，CD错误。《民法典》第四百七十二条:要约是希望和他人订立合同的意思表示，该意思表示应当符合下列规定:（一）内容具体确定；（二）表明经受要约人承诺，要约人即受该意思表示约束。本题中，乙的书面答复并没有订立合同的意图，不构成要约。B错误。,设计一个法律情境,<《民法典》第一百九十二条规定，诉讼时效期间届满的，义务人可以提出不履行义务的抗辩。诉讼时效期间届满后，义务人同意履行的，不得以诉讼时效期间届满为由抗辩；义务人已经自愿履行的，不得请求返还。> <《民法典》第四百七十二条规定，要约是希望与他人订立合同的意思表示，该意思表示应当符合下列条件:（一）内容具体确定；（二）表明经受要约人承诺，要约人即受该意思表示约束。>
32,甲向乙借款100万元，借期2年，欲以自己的房屋1套作担保，双方于2018年6月1日签订了不动产抵押合同，乙一直催促甲办理抵押登记，均无效果。一月后，乙要求甲以自己的汽车作抵押，双方于2018年7月1日签订了动产抵押合同，但一直未将汽车交付于乙。现因甲不能清偿到期欠款，乙要求实现抵押权。下列哪一选项是错误的？,甲乙之间的不动产抵押合同由于一直没有办理抵押登记而无效,甲乙之间的不动产抵押合同于2018年6月1日成立并生效，但不动产抵押权未设立,甲既能就汽车设立抵押权，又能就汽车设立质押权,乙有权请求将甲的汽车拍卖，并就所得价款行使优先受偿权,A,首先，《民法典》第四百零二条:以本法第三百九十五条第一款第一项至第三项规定的财产或者第五项规定的正在建造的建筑物抵押的应当办理抵押登记。抵押权自登记时设立。不动产的类型有第三百九十五条第1款至第3项:建筑物和其他地上附着物、建设用地使用权、海域使用权。同时，根据《民法典》第二百一十五条:当事人之间订立有关设立、变更、转让和消灭不动产物权的合同除法律另有规定或者当事人另有约定外自合同成立时生效未办理物权登记的不影响合同效力。本题中，甲乙虽未办理抵押登记手续，不动产抵押权未设立，但二者间的抵押合同合法有效。故A项错误，,设计一个法律情境,<《民法典》第四百零二条规定，以本法第三百九十五条第一款第一项至第三项规定的财产或者第五项规定的正在建造的建筑物抵押的，应当办理抵押登记。抵押权自登记时设立。动产的类型有第395条第1款至第3项:建筑物和其他地上附着物、建设用地使用权、海域使用权。> <《民法典》第二百一十五条规定，当事人之间订立有关设立、变更、转让和消灭不动产物权的合同，除法律另有规定或者当事人另有约定外，自合同成立时生效；未办理物权登记的，不影响合同效力。> <《民法典》第四百零三条规定，以动产抵押的，抵押权自抵押合同生效时设立；未经登记，不得对抗善意第三人。> <《民法典》第三百九十四条规定，为担保债务的履行，债务人或者第三人不转移财产的占有，将该财产抵押给债权人的，债务人不履行到期债务或者发生当事人约定的实现抵押权的情形，债权人有权就该财产优先受偿。前款规定的债务人或者第三人为抵押人，债权人为抵押权人，提供担保的财产为抵押财产。>
33,庞某有1辆名牌自行车，在借给黄某使用期间，达成转让协议，黄某以8000元的价格购买该自行车。次日，黄某又将该自行车以9000元的价格转卖给了洪某，但约定由黄某继续使用1个月。关于该自行车的归属，下列哪一选项是正确的,庞某未完成交付，该自行车仍归庞某所有,黄某构成无权处分，洪某不能取得自行车所有权,洪某在黄某继续使用1个月后，取得该自行车所有权,庞某既不能向黄某，也不能向洪某主张原物返还请求权,D,《民法典》第二百二十六条:动产物权设立和转让前权利人已经占有该动产的物权自民事法律行为生效时发生效力。庞某和黄某的交付方式属于本条规定的简易交付，在庞某和黄某达成转让协议前，黄某因借用已经合法占有该自行车，所以黄某自转让协议生效时获得自行车的所有权。即自行车归黄某所有，不是庞某。A错误。《民法典》第二百二十八条:动产物权转让时当事人又约定由出让人继续占有该动产的物权自该约定生效时发生效力。黄某和洪某的交付方式属于本条规定的占有改定。因黄某已经享有所有权，次日黄某将自己所有的自行车卖给洪某，系有权处分。黄某将自行车转让给洪某，并与洪某约定自行车由黄某继续使用一个月，自转让协议成立生效时，洪某即取得自行车的所有权，而非黄某继续使用1个月后才取得。B、C错误。《民法典》第二百三十五条:无权占有不动产或者动产的权利人可以请求返还原物。本题中，黄某和洪某都不是无权占有人，庞某也不是自行车的所有人，所以不能向黄某或洪某主张原物返还请求权。D正确。,设计一个法律情境,<《民法典》第二百二十六条规定，动产物权设立和转让前，权利人已经占有该动产的，物权自民事法律行为生效时发生效力。> <《民法典》第二百二十八条规定，动产物权转让时，当事人又约定由出让人继续占有该动产的，物权自该约定生效时发生效力。无权占有不动产或者动产的，权利人可以请求返还原物。> <《民法典》第二百三十五条规定，无权占有不动产或者动产的，权利人可以请求返还原物。>
34,甲与乙签订《协议》，由乙以自己名义代甲购房，甲全权使用房屋并获取收益。乙与开发商和银行分别签订了房屋买卖合同和贷款合同。甲把首付款和月供款给乙，乙再给开发商和银行，房屋登记在乙名下。后甲要求乙过户，乙主张是自己借款购房。下列哪一选项是正确的,甲有权提出更正登记,房屋登记在乙名下，甲不得请求乙过户,《协议》名为代购房关系，实为借款购房关系,如乙将房屋过户给不知《协议》的丙，丙支付合理房款则构成善意取得,A,《民法典》第二百二十条:权利人、利害关系人认为不动产登记簿记载的事项错误的可以申请更正登记。不动产登记簿记载的权利人书面同意更正或者有证据证明登记确有错误的登记机构应当予以更正。不动产登记簿记载的权利人不同意更正的利害关系人可以申请异议登记。登记机构予以异议登记申请人自异议登记之日起十五日内不起诉的异议登记失效。异议登记不当造成权利人损害的权利人可以向申请人请求损害赔偿。本题，甲与乙约定由乙以自己名义代甲购房，乙将房屋登记在自己名下的行为，符合更正登记的构成要件，甲有权提出更正登记。故选项A正确。甲乙之间的协议有效，甲为房屋实际所有人，因此可以要求乙过户，故选项B错误，不当选。对甲乙约定的意思表示进行解释，甲乙均无借贷意思，故选项C错误，不当选。借他人名义买房，在对外关系上，采用登记名义说，房屋登记在谁名下，谁就是所有权人，所以即使是借名人处分房屋，也是有权处分行为，善意取得以无权处分为前提，所以D错误。,设计一个法律情境,<《民法典》第二百二十条规定，权利人、利害关系人认为不动产登记簿记载的事项错误的，可以申请更正登记。不动产登记簿记载的权利人书面同意更正或者有证据证明登记确有错误的，登记机构应当予以更正。不动产登记簿记载的权利人不同意更正的，利害关系人可以申请异议登记。登记机构予以异议登记，申请人自异议登记之日起十五日内不提起诉讼的，异议登记失效。异议登记不当，造成权利人损害的，权利人可以向申请人请求损害赔偿。>
35,小区地下停车场设有车位500个，开发商销售了300个，另200个用于出租。蒋某购房时未买车位，现因购车需使用车位。下列选项正确的是:,蒋某等业主对地下停车场享有业主共有权,如小区其他业主出售车位，蒋某等无车位业主在同等条件下享有优先购买权,开发商出租车位，应优先满足蒋某等无车位业主的需要,小区业主如出售房屋，其所购车位应一同转让,C,《民法典》第二百七十五条:建筑区划内规划用于停放汽车的车位、车库的归属由当事人通过出售、附赠或者出租等方式约定。占用业主共有的道路或者其他场地用于停放汽车的车位属于业主共有。本题中，地下停车场不属于上述规定的“占用业主共有的道路或者其他场地用于停放汽车的车位”的情况，因此并不当然归业主所有。开发商销售了300个，另200个用于出租，说明开发商和购房者通过出售、出租等方式就车位进行了约定，停车位归开发商。所以业主对于地下停车上不享有业主共有权。A错误。《民法典》第二百七十三条:业主对建筑物专有部分以外的共有部分享有权利承担义务不得以放弃权利不履行义务。法律并未规定业主之间享有优先购买权，所以其他业主出售车位，无车位业主无优先购买权。此外，车位不属于建筑物专有部分以外的共有部分，业主对于车位享有独立的所有权。所以车位不随房屋一同转让。B、D错误。《民法典》第二百七十六条:建筑区划内规划用于停放汽车的车位、车库应当首先满足业主的需要。虽然车位的所有权不属于业主，但是开发商依照规定，在出租时应优先满足作为本小区无车位业主的蒋某等人的需要。C正确。,设计一个法律情境,<《民法典》第二百七十五条规定，建筑区划内，规划用于停放汽车的车位、车库的归属，由当事人通过出售、附赠或者出租等方式约定。占用业主共有的道路或者其他场地用于停放汽车的车位，属于业主共有。> <《民法典》第二百七十三条规定，业主对建筑物专有部分以外的共有部分，享有权利，承担义务；不得以放弃权利为由不履行义务。业主转让建筑物内的住宅、经营性用房，其对共有部分享有的共有和共同管理的权利一并转让。> <《民法典》第二百七十六条规定，建筑区划内，规划用于停放汽车的车位、车库应当首先满足业主的需要。>
36,张某与李某共有一台机器，各占50%份额。双方共同将机器转卖获得10万元，约定张某和李某分别享有6万元和4万元。同时约定该10万元暂存李某账户，由其在3个月后返还给张某6万元。后该账户全部款项均被李某债权人王某申请法院查封并执行，致李某不能按期返还张某款项。下列哪一表述是正确的？,李某构成违约，张某可请求李某返还5万元,李某构成违约，张某可请求李某返还6万元,李某构成侵权，张某可请求李某返还5万元,李某构成侵权，张某可请求李某返还6万元,B,本案中，张某与李某约定“对机器转卖所得款张某分6万，李某分4万”，该约定未违反意思自治原则，合法有效。因此，张某可请求李某返还6万元。《民法典》第五百九十三条:当事人一方因第三人的原因造成违约的，应当依法向对方承担违约责任。当事人一方和第三人之间的纠纷，依照法律规定或者按照约定处理。本案中，李某因第三人的原因导致违约，应当向张某承担违约责任，而非侵权。,设计一个法律情境,<《民法典》第五百九十三条规定，当事人一方因第三人的原因造成违约的，应当依法向对方承担违约责任。当事人一方和第三人之间的纠纷，依照法律规定或者按照约定处理。>
37,如甲公司未按期还款，乙银行欲行使担保权利，当事人未约定行使担保权利顺序，下列选项正确的是:,乙银行应先就甲公司的抵押实现债权,乙银行应先就丁的质押实现债权,乙银行可选择就甲公司的抵押或丙的保证实现债权,乙银行可选择就甲公司的抵押或丁的质押实现债权,A,《民法典》第三百九十二条:被担保的债权既有物的担保又有人的担保的债务人不履行到期债务或者发生当事人约定的实现担保物权的情形债权人应当按照约定实现债权没有约定或者约定不明确债务人自己提供物的担保的债权人应当先就该物的担保实现债权第三人提供物的担保的债权人可以就物的担保实现债权也可以请求保证人承担保证责任。提供担保的第三人承担担保责任后有权向债务人追偿。本题中，乙银行欲行使担保权利，当事人未约定行使担保权利顺序，按照上述规定，债务人甲公司自己提供了动产浮动抵押，所以债权人乙银行应当先就该动产浮动抵押实现债权。A正确，B、C、D错误。,设计一个法律情境,<《民法典》第三百九十二条规定，被担保的债权既有物的担保又有人的担保的，债务人不履行到期债务或者发生当事人约定的实现担保物权的情形，债权人应当按照约定实现债权；没有约定或者约定不明确，债务人自己提供物的担保的，债权人应当先就该物的担保实现债权；第三人提供物的担保的，债权人可以就物的担保实现债权，也可以请求保证人承担保证责任。提供担保的第三人承担担保责任后，有权向债务人追偿。>
